s_rsa	s_up	s_down	s_phi	s_psi	s_a1	s_a2	s_a3	s_a4	s_a5	t_rsa	t_up	t_down	t_phi	t_psi	t_a1	t_a2	t_a3	t_a4	t_a5	interaction
0.0	12	20	-2.068	2.22	1.831	-0.561	0.533	-0.277	1.648	0.0	22	18	-2.003	2.447	-1.337	-0.279	-0.544	1.242	-1.262	['VDW']
0.0	1	13	-1.182	-0.456	1.05	0.302	-3.656	-0.259	-3.242	0.0	13	15	-1.163	-0.741	-1.239	-0.547	2.131	0.393	0.816	['VDW']
0.0	16	19	-2.005	2.565	0.26	0.83	3.097	-0.838	1.512	0.0	14	8	-2.494	1.998	0.336	-0.417	-1.673	-1.474	-0.078	['VDW']
0.0	5	16	-1.161	-0.609	1.538	-0.055	1.502	0.44	2.897	0.0	7	7	-1.119	-0.557	-1.337	-0.279	-0.544	1.242	-1.262	['HBOND']
0.0	20	21	-1.596	2.333	0.26	0.83	3.097	-0.838	1.512	0.0	16	6	-1.102	-0.657	1.831	-0.561	0.533	-0.277	1.648	['PICATION']
0.0	20	9	-1.126	-0.685	-1.019	-0.987	-1.505	1.266	-0.912	0.0	0	13	0.972	0.774	1.831	-0.561	0.533	-0.277	1.648	['VDW']
0.0	20	21	-1.596	2.333	0.26	0.83	3.097	-0.838	1.512	0.0	27	8	-1.436	2.924	0.189	2.081	-1.628	0.421	-1.392	['VDW']
0.0	9	13	-1.219	-0.295	-0.228	1.399	-4.76	0.67	-2.647	0.0	22	3	-2.544	1.502	-1.343	0.465	-0.862	-1.02	-0.255	['VDW']
0.0	9	11	-1.071	-0.64	-1.019	-0.987	-1.505	1.266	-0.912	0.0	2	11	1.254	0.588	-0.384	1.652	1.33	1.045	2.064	['HBOND']
0.0	13	7	-1.632	1.742	1.05	0.302	-3.656	-0.259	-3.242	0.0	13	15	-1.163	-0.741	-1.239	-0.547	2.131	0.393	0.816	['VDW']
0.0	13	15	-1.163	-0.741	-1.239	-0.547	2.131	0.393	0.816	0.0	9	11	-1.071	-0.64	-1.019	-0.987	-1.505	1.266	-0.912	['VDW']
0.0	24	16	-3.035	-2.746	-0.384	1.652	1.33	1.045	2.064	0.0	14	19	-1.519	2.142	0.945	0.828	1.299	-0.169	0.933	['VDW']
0.0	21	19	-2.103	1.986	-1.337	-0.279	-0.544	1.242	-1.262	0.0	12	14	-1.836	2.317	-1.006	-0.59	1.891	-0.397	0.412	['VDW']
0.0	2	19	-1.022	-0.737	1.05	0.302	-3.656	-0.259	-3.242	0.0	5	8	-1.176	-0.586	1.357	-1.453	1.477	0.113	-0.837	['VDW']
0.0	13	16	-0.952	-0.673	0.189	2.081	-1.628	0.421	-1.392	0.0	25	15	-1.058	-0.827	-0.591	-1.302	-0.733	1.57	-0.146	['VDW']
0.0	0	20	-0.973	-0.856	-0.384	1.652	1.33	1.045	2.064	0.0	11	15	-1.079	-0.687	0.945	0.828	1.299	-0.169	0.933	['VDW']
0.0	20	21	-1.596	2.333	0.26	0.83	3.097	-0.838	1.512	0.0	14	24	-2.214	2.152	0.931	-0.179	-3.005	-0.503	-1.853	['VDW']
0.0	9	13	-2.112	2.798	-0.032	0.326	2.213	0.908	1.313	0.0	14	24	-2.214	2.152	0.931	-0.179	-3.005	-0.503	-1.853	['VDW']
0.0	9	11	-1.202	-0.544	0.931	-0.179	-3.005	-0.503	-1.853	0.0	5	8	-1.176	-0.586	1.357	-1.453	1.477	0.113	-0.837	['VDW']
0.0	18	11	-1.282	2.634	-1.006	-0.59	1.891	-0.397	0.412	0.0	19	4	-2.5	2.812	-1.006	-0.59	1.891	-0.397	0.412	['VDW']
0.0	25	15	-1.058	-0.827	-0.591	-1.302	-0.733	1.57	-0.146	0.0	16	10	-1.127	-0.746	-1.019	-0.987	-1.505	1.266	-0.912	['VDW']
0.0	9	11	-1.202	-0.544	0.931	-0.179	-3.005	-0.503	-1.853	0.0	16	4	-1.035	-0.588	0.26	0.83	3.097	-0.838	1.512	['HBOND']
0.0	14	24	-2.214	2.152	0.931	-0.179	-3.005	-0.503	-1.853	0.0	7	24	2.267	-2.512	-0.384	1.652	1.33	1.045	2.064	['VDW']
0.0	12	9	-1.24	-0.621	1.831	-0.561	0.533	-0.277	1.648	0.0	7	10	-1.107	-0.733	1.357	-1.453	1.477	0.113	-0.837	['VDW']
0.0	2	14	-1.166	-0.73	1.357	-1.453	1.477	0.113	-0.837	0.0	3	16	-1.034	-0.718	-0.591	-1.302	-0.733	1.57	-0.146	['HBOND']
0.0	15	16	-1.106	-0.689	-1.006	-0.59	1.891	-0.397	0.412	0.0	20	9	-1.239	-0.699	-1.019	-0.987	-1.505	1.266	-0.912	['VDW']
0.0	22	3	-2.544	1.502	-1.343	0.465	-0.862	-1.02	-0.255	0.0	7	19	-1.135	-0.679	1.05	0.302	-3.656	-0.259	-3.242	['VDW']
0.0	20	9	-1.239	-0.699	-1.019	-0.987	-1.505	1.266	-0.912	0.0	11	6	-1.506	-0.026	-1.006	-0.59	1.891	-0.397	0.412	['VDW']
0.0	10	16	-1.264	2.89	-0.591	-1.302	-0.733	1.57	-0.146	0.0	1	15	1.621	-0.123	-0.384	1.652	1.33	1.045	2.064	['VDW']
0.0	18	11	-1.282	2.634	-1.006	-0.59	1.891	-0.397	0.412	0.0	2	17	-1.118	2.453	0.189	2.081	-1.628	0.421	-1.392	['VDW']
0.0	18	11	-1.282	2.634	-1.006	-0.59	1.891	-0.397	0.412	0.0	15	16	-2.139	2.423	-1.006	-0.59	1.891	-0.397	0.412	['VDW']
0.0	9	22	-1.565	-2.877	-0.384	1.652	1.33	1.045	2.064	0.0	9	11	-1.202	-0.544	0.931	-0.179	-3.005	-0.503	-1.853	['VDW']
0.0	16	10	-1.127	-0.746	-1.019	-0.987	-1.505	1.266	-0.912	0.0	14	3	-1.429	0.072	1.831	-0.561	0.533	-0.277	1.648	['VDW']
0.0	12	20	-2.068	2.22	1.831	-0.561	0.533	-0.277	1.648	0.0	15	16	-2.139	2.423	-1.006	-0.59	1.891	-0.397	0.412	['VDW']
0.0	17	15	-1.6	-0.086	-1.239	-0.547	2.131	0.393	0.816	0.0	6	14	-1.521	2.595	-1.006	-0.59	1.891	-0.397	0.412	['VDW']
0.0	12	5	-1.713	-0.793	-1.239	-0.547	2.131	0.393	0.816	0.0	5	15	-1.122	-0.44	0.189	2.081	-1.628	0.421	-1.392	['VDW']
0.0	17	15	-1.6	-0.086	-1.239	-0.547	2.131	0.393	0.816	0.0	13	7	-1.632	1.742	1.05	0.302	-3.656	-0.259	-3.242	['VDW']
0.0	21	19	-2.103	1.986	-1.337	-0.279	-0.544	1.242	-1.262	0.0	17	11	-2.015	1.997	-1.239	-0.547	2.131	0.393	0.816	['VDW']
0.0	9	11	-1.071	-0.64	-1.019	-0.987	-1.505	1.266	-0.912	0.0	12	3	-1.875	2.557	1.538	-0.055	1.502	0.44	2.897	['HBOND']
0.0	17	17	-1.093	-0.837	-1.343	0.465	-0.862	-1.02	-0.255	0.0	25	15	-1.058	-0.827	-0.591	-1.302	-0.733	1.57	-0.146	['VDW']
0.0	11	15	-1.079	-0.687	0.945	0.828	1.299	-0.169	0.933	0.0	16	10	-1.127	-0.746	-1.019	-0.987	-1.505	1.266	-0.912	['HBOND']
0.0	0	15	-2.661	2.866	1.357	-1.453	1.477	0.113	-0.837	0.0	3	12	-2.073	2.008	-1.337	-0.279	-0.544	1.242	-1.262	['HBOND']
0.0	20	9	-1.126	-0.685	-1.019	-0.987	-1.505	1.266	-0.912	0.0	14	3	-1.429	0.072	1.831	-0.561	0.533	-0.277	1.648	['VDW']
0.0	3	16	-1.034	-0.718	-0.591	-1.302	-0.733	1.57	-0.146	0.0	9	11	-1.071	-0.64	-1.019	-0.987	-1.505	1.266	-0.912	['VDW']
0.0	9	13	-1.219	-0.295	-0.228	1.399	-4.76	0.67	-2.647	0.0	7	19	-1.135	-0.679	1.05	0.302	-3.656	-0.259	-3.242	['VDW']
0.0	24	16	-3.035	-2.746	-0.384	1.652	1.33	1.045	2.064	0.0	17	15	-1.6	-0.086	-1.239	-0.547	2.131	0.393	0.816	['VDW']
0.0	3	16	-1.034	-0.718	-0.591	-1.302	-0.733	1.57	-0.146	0.0	5	10	-1.094	-0.821	-0.032	0.326	2.213	0.908	1.313	['VDW']
0.0	0	20	-0.973	-0.856	-0.384	1.652	1.33	1.045	2.064	0.0	7	19	-1.135	-0.679	1.05	0.302	-3.656	-0.259	-3.242	['VDW']
0.0	21	12	-1.086	-0.797	-1.019	-0.987	-1.505	1.266	-0.912	0.0	16	6	-1.102	-0.657	1.831	-0.561	0.533	-0.277	1.648	['VDW']
0.0	5	10	-1.845	0.097	0.931	-0.179	-3.005	-0.503	-1.853	0.0	12	6	-1.261	2.178	-1.019	-0.987	-1.505	1.266	-0.912	['VDW']
0.0	12	23	-1.043	-0.817	1.831	-0.561	0.533	-0.277	1.648	0.0	20	9	-1.126	-0.685	-1.019	-0.987	-1.505	1.266	-0.912	['VDW']
0.0	21	19	-2.103	1.986	-1.337	-0.279	-0.544	1.242	-1.262	0.0	7	14	-2.032	2.307	1.357	-1.453	1.477	0.113	-0.837	['VDW']
0.0	13	15	-1.163	-0.741	-1.239	-0.547	2.131	0.393	0.816	0.0	21	12	-1.086	-0.797	-1.019	-0.987	-1.505	1.266	-0.912	['VDW']
0.0	2	19	-1.022	-0.737	1.05	0.302	-3.656	-0.259	-3.242	0.0	5	16	-0.95	-0.806	1.538	-0.055	1.502	0.44	2.897	['VDW']
0.0	13	16	-0.952	-0.673	0.189	2.081	-1.628	0.421	-1.392	0.0	11	15	-1.079	-0.687	0.945	0.828	1.299	-0.169	0.933	['VDW']
0.0	10	16	-1.264	2.89	-0.591	-1.302	-0.733	1.57	-0.146	0.0	3	14	-1.267	2.65	-0.228	1.399	-4.76	0.67	-2.647	['VDW']
0.0	20	9	-1.239	-0.699	-1.019	-0.987	-1.505	1.266	-0.912	0.0	16	4	-1.035	-0.588	0.26	0.83	3.097	-0.838	1.512	['VDW']
0.0	20	21	-1.596	2.333	0.26	0.83	3.097	-0.838	1.512	0.0	17	11	-2.015	1.997	-1.239	-0.547	2.131	0.393	0.816	['VDW']
0.0	5	8	-1.176	-0.586	1.357	-1.453	1.477	0.113	-0.837	0.0	5	3	-1.481	0.3750098039215687	1.831	-0.561	0.533	-0.277	1.648	['VDW']
0.0	18	11	-1.282	2.634	-1.006	-0.59	1.891	-0.397	0.412	0.0	16	3	-1.935	2.09	0.931	-0.179	-3.005	-0.503	-1.853	['VDW']
0.0	10	17	-1.37	2.171	1.05	0.302	-3.656	-0.259	-3.242	0.0	12	5	-1.713	-0.793	-1.239	-0.547	2.131	0.393	0.816	['VDW']
0.0	15	16	-2.139	2.423	-1.006	-0.59	1.891	-0.397	0.412	0.0	3	14	-1.267	2.65	-0.228	1.399	-4.76	0.67	-2.647	['VDW']
0.0	6	12	-1.4615392156862748	2.604	-0.663	-1.524	2.219	-1.005	1.212	0.0	5	12	-0.957	-0.575	0.189	2.081	-1.628	0.421	-1.392	['VDW']
0.0	20	9	-1.126	-0.685	-1.019	-0.987	-1.505	1.266	-0.912	0.0	16	3	-1.935	2.09	0.931	-0.179	-3.005	-0.503	-1.853	['VDW']
0.0	2	14	-1.166	-0.73	1.357	-1.453	1.477	0.113	-0.837	0.0	7	10	-1.107	-0.733	1.357	-1.453	1.477	0.113	-0.837	['VDW']
0.0	10	17	-1.37	2.171	1.05	0.302	-3.656	-0.259	-3.242	0.0	14	19	-1.519	2.142	0.945	0.828	1.299	-0.169	0.933	['HBOND']
0.0	16	10	-1.127	-0.746	-1.019	-0.987	-1.505	1.266	-0.912	0.0	7	7	-1.119	-0.557	-1.337	-0.279	-0.544	1.242	-1.262	['VDW']
0.0	22	18	-2.003	2.447	-1.337	-0.279	-0.544	1.242	-1.262	0.0	22	5	-1.666	-0.881	-1.239	-0.547	2.131	0.393	0.816	['VDW']
0.0	1	13	-1.182	-0.456	1.05	0.302	-3.656	-0.259	-3.242	0.0	3	16	-1.034	-0.718	-0.591	-1.302	-0.733	1.57	-0.146	['VDW']
0.0	5	11	-1.086	-0.806	-0.032	0.326	2.213	0.908	1.313	0.0	0	13	0.972	0.774	1.831	-0.561	0.533	-0.277	1.648	['VDW']
0.0	11	15	-1.079	-0.687	0.945	0.828	1.299	-0.169	0.933	0.0	5	16	-1.161	-0.609	1.538	-0.055	1.502	0.44	2.897	['PICATION']
0.0	14	24	-2.214	2.152	0.931	-0.179	-3.005	-0.503	-1.853	0.0	10	16	-1.35	2.242	0.336	-0.417	-1.673	-1.474	-0.078	['VDW']
0.0	16	19	-2.005	2.565	0.26	0.83	3.097	-0.838	1.512	0.0	12	14	-1.836	2.317	-1.006	-0.59	1.891	-0.397	0.412	['VDW']
0.0	11	15	-1.079	-0.687	0.945	0.828	1.299	-0.169	0.933	0.0	15	16	-1.106	-0.689	-1.006	-0.59	1.891	-0.397	0.412	['VDW']
0.0	14	11	-2.222	1.506	-0.663	-1.524	2.219	-1.005	1.212	0.0	6	14	-1.521	2.595	-1.006	-0.59	1.891	-0.397	0.412	['VDW']
0.0	9	13	-1.219	-0.295	-0.228	1.399	-4.76	0.67	-2.647	0.0	14	8	-2.494	1.998	0.336	-0.417	-1.673	-1.474	-0.078	['VDW']
0.0	5	16	-1.161	-0.609	1.538	-0.055	1.502	0.44	2.897	0.0	5	11	-1.086	-0.806	-0.032	0.326	2.213	0.908	1.313	['HBOND']
0.0	7	19	-1.135	-0.679	1.05	0.302	-3.656	-0.259	-3.242	0.0	12	23	-1.043	-0.817	1.831	-0.561	0.533	-0.277	1.648	['VDW']
0.0	7	19	-1.135	-0.679	1.05	0.302	-3.656	-0.259	-3.242	0.0	5	16	-1.161	-0.609	1.538	-0.055	1.502	0.44	2.897	['VDW']
0.0	24	16	-3.035	-2.746	-0.384	1.652	1.33	1.045	2.064	0.0	17	11	-2.015	1.997	-1.239	-0.547	2.131	0.393	0.816	['VDW']
0.0	7	10	-1.107	-0.733	1.357	-1.453	1.477	0.113	-0.837	0.0	5	10	-1.094	-0.821	-0.032	0.326	2.213	0.908	1.313	['HBOND']
0.0	15	7	-1.341	-0.347	-1.019	-0.987	-1.505	1.266	-0.912	0.0	10	16	-1.35	2.242	0.336	-0.417	-1.673	-1.474	-0.078	['VDW']
0.0	5	15	-1.122	-0.44	0.189	2.081	-1.628	0.421	-1.392	0.0	3	12	-2.073	2.008	-1.337	-0.279	-0.544	1.242	-1.262	['VDW']
0.0	12	23	-1.043	-0.817	1.831	-0.561	0.533	-0.277	1.648	0.0	5	11	-1.086	-0.806	-0.032	0.326	2.213	0.908	1.313	['HBOND']
0.0	27	8	-1.436	2.924	0.189	2.081	-1.628	0.421	-1.392	0.0	9	22	-1.565	-2.877	-0.384	1.652	1.33	1.045	2.064	['HBOND']
0.0	12	9	-1.24	-0.621	1.831	-0.561	0.533	-0.277	1.648	0.0	21	12	-1.086	-0.797	-1.019	-0.987	-1.505	1.266	-0.912	['VDW']
0.0	17	17	-1.093	-0.837	-1.343	0.465	-0.862	-1.02	-0.255	0.0	12	23	-1.043	-0.817	1.831	-0.561	0.533	-0.277	1.648	['VDW']
0.0	25	15	-1.058	-0.827	-0.591	-1.302	-0.733	1.57	-0.146	0.0	20	9	-1.126	-0.685	-1.019	-0.987	-1.505	1.266	-0.912	['VDW']
0.0	22	3	-2.544	1.502	-1.343	0.465	-0.862	-1.02	-0.255	0.0	17	17	-1.093	-0.837	-1.343	0.465	-0.862	-1.02	-0.255	['VDW']
0.0	22	5	-1.666	-0.881	-1.239	-0.547	2.131	0.393	0.816	0.0	9	11	-1.202	-0.544	0.931	-0.179	-3.005	-0.503	-1.853	['VDW']
0.0	7	10	-1.107	-0.733	1.357	-1.453	1.477	0.113	-0.837	0.0	16	6	-1.102	-0.657	1.831	-0.561	0.533	-0.277	1.648	['VDW']
0.0	10	17	-1.37	2.171	1.05	0.302	-3.656	-0.259	-3.242	0.0	14	8	-2.494	1.998	0.336	-0.417	-1.673	-1.474	-0.078	['VDW']
0.0	22	18	-2.003	2.447	-1.337	-0.279	-0.544	1.242	-1.262	0.0	7	24	2.267	-2.512	-0.384	1.652	1.33	1.045	2.064	['VDW']
0.0	21	12	-1.086	-0.797	-1.019	-0.987	-1.505	1.266	-0.912	0.0	15	7	-1.341	-0.347	-1.019	-0.987	-1.505	1.266	-0.912	['VDW']
0.0	5	10	-1.094	-0.821	-0.032	0.326	2.213	0.908	1.313	0.0	2	11	1.254	0.588	-0.384	1.652	1.33	1.045	2.064	['HBOND']
0.0	15	16	-1.106	-0.689	-1.006	-0.59	1.891	-0.397	0.412	0.0	5	16	-0.95	-0.806	1.538	-0.055	1.502	0.44	2.897	['VDW']
0.0	12	3	-1.875	2.557	1.538	-0.055	1.502	0.44	2.897	0.0	2	6	-0.993	2.144	-1.239	-0.547	2.131	0.393	0.816	['HBOND']
0.0	9	11	-1.071	-0.64	-1.019	-0.987	-1.505	1.266	-0.912	0.0	15	7	-1.341	-0.347	-1.019	-0.987	-1.505	1.266	-0.912	['VDW']
0.0	18	11	-1.282	2.634	-1.006	-0.59	1.891	-0.397	0.412	0.0	7	14	-2.032	2.307	1.357	-1.453	1.477	0.113	-0.837	['VDW']
0.0	13	7	-1.632	1.742	1.05	0.302	-3.656	-0.259	-3.242	0.0	12	9	-1.24	-0.621	1.831	-0.561	0.533	-0.277	1.648	['VDW']
0.0	20	21	-1.596	2.333	0.26	0.83	3.097	-0.838	1.512	0.0	7	10	-1.107	-0.733	1.357	-1.453	1.477	0.113	-0.837	['VDW']
0.0	14	11	-2.222	1.506	-0.663	-1.524	2.219	-1.005	1.212	0.0	3	12	-2.073	2.008	-1.337	-0.279	-0.544	1.242	-1.262	['VDW']
0.0	9	22	-1.565	-2.877	-0.384	1.652	1.33	1.045	2.064	0.0	20	9	-1.239	-0.699	-1.019	-0.987	-1.505	1.266	-0.912	['VDW']
